meha1,A1-01,1
meha1,A1-02,1
meha1,A1-03,1
meha1,A1-04,1
meha1,A1-05,1
meha1,A1-06,1
meha1,A1-07,1
meha1,A1-08,1
meha1,A1-09,1
meha1,A1-10,1
meha1,A1-11,1
meha1,A1-12,1
meha1,A1-13,1
meha1,A1-14,1
meha1,A1-15,1
meha1,A1-16,1
meha1,A1-17,1
meha1,A1-18,1
meha1,A1-19,1
meha1,A1-20,1
meha1,A1-21,1
meha1,A1-22,1
meha1,A1-23,1
meha1,A1-24,1
meha1,A1-25,1
meha1,A1-26,1
meha1,A1-27,1
meha1,A1-28,1
meha1,A1-29,1
meha1,A1-30,1
meha1,A1-31,1
meha1,A1-32,1
meha1,A1-33,1
meha1,A1-34,1
meha1,A1-35,1
meha1,A1-36,1
meha1,A1-37,1
meha1,A1-38,1
meha1,A1-39,1
meha1,A1-40,1
meha1,A1-41,1
meha1,A1-42,1
meha1,A1-43,1
meha1,A1-44,1
meha1,A1-45,1
meha1,A1-46,1
meha1,A1-47,1
meha1,A1-48,1
meha1,A2-01,1
meha1,A2-02,1
meha1,A2-03,1
meha1,A2-04,1
meha1,A2-05,1
meha1,A2-06,1
meha1,A2-07,1
meha1,A2-08,1
meha1,A2-09,1
meha1,A2-10,1
meha1,A2-11,1
meha1,A2-12,1,202538563001
meha1,A2-13,1
meha1,A2-14,1
meha1,A2-15,1
meha1,A2-16,1
meha1,A2-17,1
meha1,A2-18,1
meha1,A2-19,1
meha1,A2-20,1
meha1,A2-21,1
meha1,A2-22,1
meha1,A2-23,1
meha1,A2-24,1
meha1,A2-25,1
meha1,A2-26,1
meha1,A2-27,1
meha1,A2-28,1
meha1,A2-29,1
meha1,A2-30,1
meha1,A2-31,1
meha1,A2-32,1
meha1,A2-33,1
meha1,A2-34,1
meha1,A2-35,1
meha1,A2-36,1
meha1,A2-37,1
meha1,A2-38,1
meha1,A2-39,1
meha1,A2-40,1
meha1,A2-41,1
meha1,A2-42,1
meha1,A2-43,1
meha1,A2-44,1
meha1,A2-45,1
meha1,A2-46,1
meha1,A2-47,1
meha1,A2-48,1
meha1,A3-01,1
meha1,A3-02,1
meha1,A3-03,1
meha1,A3-04,1
meha1,A3-05,1
meha1,A3-06,1
meha1,A3-07,1
meha1,A3-08,1
meha1,A3-09,1
meha1,A3-10,1
meha1,A3-11,1
meha1,A3-12,1
meha1,A3-13,1
meha1,A3-14,1
meha1,A3-15,1
meha1,A3-16,1
meha1,A3-17,1
meha1,A3-18,1
meha1,A3-19,1
meha1,A3-20,1
meha1,A3-21,1
meha1,A3-22,1
meha1,A3-23,1
meha1,A3-24,1
meha1,A3-25,1
meha1,A3-26,1
meha1,A3-27,1
meha1,A3-28,1
meha1,A3-29,1
meha1,A3-30,1
meha1,A3-31,1
meha1,A3-32,1
meha1,A3-33,1
meha1,A3-34,1
meha1,A3-35,1
meha1,A3-36,1
meha1,A3-37,1
meha1,A3-38,1
meha1,A3-39,1
meha1,A3-40,1
meha1,A3-41,1
meha1,A3-42,1
meha1,A3-43,1
meha1,A3-44,1
meha1,A3-45,1
meha1,A3-46,1
meha1,A3-47,1
meha1,A3-48,1
meha1,A4-01,1
meha1,A4-02,1
meha1,A4-03,1
meha1,A4-04,1
meha1,A4-05,1
meha1,A4-06,1
meha1,A4-07,1
meha1,A4-08,1
meha1,A4-09,1
meha1,A4-10,1
meha1,A4-11,1
meha1,A4-12,1
meha1,A4-13,1
meha1,A4-14,1
meha1,A4-15,1
meha1,A4-16,1
meha1,A4-17,1
meha1,A4-18,1
meha1,A4-19,1
meha1,A4-20,1
meha1,A4-21,1
meha1,A4-22,1
meha1,A4-23,1
meha1,A4-24,1
meha1,A4-25,1
meha1,A4-26,1
meha1,A4-27,1
meha1,A4-28,1
meha1,A4-29,1
meha1,A4-30,1
meha1,A4-31,1
meha1,A4-32,1
meha1,A4-33,1
meha1,A4-34,1
meha1,A4-35,1
meha1,A4-36,1
meha1,A4-37,1
meha1,A4-38,1
meha1,A4-39,1
meha1,A4-40,1
meha1,A4-41,1
meha1,A4-42,1
meha1,A4-43,1
meha1,A4-44,1
meha1,A4-45,1
meha1,A4-46,1
meha1,A4-47,1
meha1,A4-48,1
meha1,A5-01,1
meha1,A5-02,1
meha1,A5-03,1
meha1,A5-04,1
meha1,A5-05,1
meha1,A5-06,1
meha1,A5-07,1
meha1,A5-08,1
meha1,A5-09,1
meha1,A5-10,1
meha1,A5-11,1
meha1,A5-12,1
meha1,A5-13,1
meha1,A5-14,1
meha1,A5-15,1
meha1,A5-16,1
meha1,A5-17,1
meha1,A5-18,1
meha1,A5-19,1
meha1,A5-20,1
meha1,A5-21,1
meha1,A5-22,1
meha1,A5-23,1
meha1,A5-24,1
meha1,A5-25,1
meha1,A5-26,1
meha1,A5-27,1
meha1,A5-28,1
meha1,A5-29,1
meha1,A5-30,1
meha1,A5-31,1
meha1,A5-32,1
meha1,A5-33,1
meha1,A5-34,1
meha1,A5-35,1
meha1,A5-36,1
meha1,A5-37,1
meha1,A5-38,1
meha1,A5-39,1
meha1,A5-40,1
meha1,A5-41,1
meha1,A5-42,1
meha1,A5-43,1
meha1,A5-44,1
meha1,A5-45,1
meha1,A5-46,1
meha1,A5-47,1
meha1,A5-48,1
meha1,B1-01,1
meha1,B1-02,1
meha1,B1-03,1
meha1,B1-04,1
meha1,B1-05,1
meha1,B1-06,1
meha1,B1-07,1
meha1,B1-08,1
meha1,B1-09,1
meha1,B1-10,1
meha1,B1-11,1
meha1,B1-12,1
meha1,B1-13,1
meha1,B1-14,1
meha1,B1-15,1
meha1,B1-16,1
meha1,B1-17,1
meha1,B1-18,1
meha1,B1-19,1
meha1,B1-20,1
meha1,B1-21,1
meha1,B1-22,1
meha1,B1-23,1
meha1,B1-24,1
meha1,B1-25,1
meha1,B1-26,1
meha1,B1-27,1
meha1,B1-28,1
meha1,B1-29,1
meha1,B1-30,1
meha1,B1-31,1
meha1,B1-32,1
meha1,B1-33,1
meha1,B1-34,1
meha1,B1-35,1
meha1,B1-36,1
meha1,B1-37,1
meha1,B1-38,1
meha1,B1-39,1
meha1,B1-40,1
meha1,B1-41,1
meha1,B1-42,1
meha1,B1-43,1
meha1,B1-44,1
meha1,B1-45,1
meha1,B1-46,1
meha1,B1-47,1
meha1,B1-48,1
meha1,B2-01,1
meha1,B2-02,1
meha1,B2-03,1
meha1,B2-04,1
meha1,B2-05,1
meha1,B2-06,1
meha1,B2-07,1
meha1,B2-08,1
meha1,B2-09,1
meha1,B2-10,1
meha1,B2-11,1
meha1,B2-12,1
meha1,B2-13,1
meha1,B2-14,1
meha1,B2-15,1
meha1,B2-16,1
meha1,B2-17,1
meha1,B2-18,1
meha1,B2-19,1
meha1,B2-20,1
meha1,B2-21,1
meha1,B2-22,1
meha1,B2-23,1
meha1,B2-24,1
meha1,B2-25,1
meha1,B2-26,1
meha1,B2-27,1
meha1,B2-28,1
meha1,B2-29,1
meha1,B2-30,1
meha1,B2-31,1
meha1,B2-32,1
meha1,B2-33,1
meha1,B2-34,1
meha1,B2-35,1
meha1,B2-36,1
meha1,B2-37,1
meha1,B2-38,1
meha1,B2-39,1
meha1,B2-40,1
meha1,B2-41,1
meha1,B2-42,1
meha1,B2-43,1
meha1,B2-44,1
meha1,B2-45,1
meha1,B2-46,1
meha1,B2-47,1
meha1,B2-48,1
meha1,B3-01,1
meha1,B3-02,1
meha1,B3-03,1
meha1,B3-04,1
meha1,B3-05,1
meha1,B3-06,1
meha1,B3-07,1
meha1,B3-08,1
meha1,B3-09,1
meha1,B3-10,1
meha1,B3-11,1
meha1,B3-12,1
meha1,B3-13,1
meha1,B3-14,1
meha1,B3-15,1
meha1,B3-16,1
meha1,B3-17,1
meha1,B3-18,1
meha1,B3-19,1
meha1,B3-20,1
meha1,B3-21,1
meha1,B3-22,1
meha1,B3-23,1
meha1,B3-24,1
meha1,B3-25,1
meha1,B3-26,1
meha1,B3-27,1
meha1,B3-28,1
meha1,B3-29,1
meha1,B3-30,1
meha1,B3-31,1
meha1,B3-32,1
meha1,B3-33,1
meha1,B3-34,1
meha1,B3-35,1
meha1,B3-36,1
meha1,B3-37,1
meha1,B3-38,1
meha1,B3-39,1
meha1,B3-40,1
meha1,B3-41,1
meha1,B3-42,1
meha1,B3-43,1
meha1,B3-44,1
meha1,B3-45,1
meha1,B3-46,1
meha1,B3-47,1
meha1,B3-48,1
meha1,B4-01,1
meha1,B4-02,1
meha1,B4-03,1
meha1,B4-04,1
meha1,B4-05,1
meha1,B4-06,1
meha1,B4-07,1
meha1,B4-08,1
meha1,B4-09,1
meha1,B4-10,1
meha1,B4-11,1
meha1,B4-12,1
meha1,B4-13,1
meha1,B4-14,1
meha1,B4-15,1
meha1,B4-16,1
meha1,B4-17,1
meha1,B4-18,1
meha1,B4-19,1
meha1,B4-20,1
meha1,B4-21,1
meha1,B4-22,1
meha1,B4-23,1
meha1,B4-24,1
meha1,B4-25,1
meha1,B4-26,1
meha1,B4-27,1
meha1,B4-28,1
meha1,B4-29,1
meha1,B4-30,1
meha1,B4-31,1
meha1,B4-32,1
meha1,B4-33,1
meha1,B4-34,1
meha1,B4-35,1
meha1,B4-36,1
meha1,B4-37,1
meha1,B4-38,1
meha1,B4-39,1
meha1,B4-40,1
meha1,B4-41,1
meha1,B4-42,1
meha1,B4-43,1
meha1,B4-44,1
meha1,B4-45,1
meha1,B4-46,1
meha1,B4-47,1
meha1,B4-48,1
meha1,B5-01,1
meha1,B5-02,1
meha1,B5-03,1
meha1,B5-04,1
meha1,B5-05,1
meha1,B5-06,1
meha1,B5-07,1
meha1,B5-08,1
meha1,B5-09,1
meha1,B5-10,1
meha1,B5-11,1
meha1,B5-12,1
meha1,B5-13,1
meha1,B5-14,1
meha1,B5-15,1
meha1,B5-16,1
meha1,B5-17,1
meha1,B5-18,1
meha1,B5-19,1
meha1,B5-20,1
meha1,B5-21,1
meha1,B5-22,1
meha1,B5-23,1
meha1,B5-24,1
meha1,B5-25,1
meha1,B5-26,1
meha1,B5-27,1
meha1,B5-28,1
meha1,B5-29,1
meha1,B5-30,1
meha1,B5-31,1
meha1,B5-32,1
meha1,B5-33,1
meha1,B5-34,1
meha1,B5-35,1
meha1,B5-36,1
meha1,B5-37,1
meha1,B5-38,1
meha1,B5-39,1
meha1,B5-40,1
meha1,B5-41,1
meha1,B5-42,1
meha1,B5-43,1
meha1,B5-44,1
meha1,B5-45,1
meha1,B5-46,1
meha1,B5-47,1
meha1,B5-48,1
meha1,C1-01,1
meha1,C1-02,1
meha1,C1-03,1
meha1,C1-04,1
meha1,C1-05,1
meha1,C1-06,1
meha1,C1-07,1
meha1,C1-08,1
meha1,C1-09,1
meha1,C1-10,1
meha1,C1-11,1
meha1,C1-12,1
meha1,C1-13,1
meha1,C1-14,1
meha1,C1-15,1
meha1,C1-16,1
meha1,C1-17,1
meha1,C1-18,1
meha1,C1-19,1
meha1,C1-20,1
meha1,C1-21,1
meha1,C1-22,1
meha1,C1-23,1
meha1,C1-24,1
meha1,C1-25,1
meha1,C1-26,1
meha1,C1-27,1
meha1,C1-28,1
meha1,C1-29,1
meha1,C1-30,1
meha1,C1-31,1
meha1,C1-32,1
meha1,C1-33,1
meha1,C1-34,1
meha1,C1-35,1
meha1,C1-36,1
meha1,C1-37,1
meha1,C1-38,1
meha1,C1-39,1
meha1,C1-40,1
meha1,C1-41,1
meha1,C1-42,1
meha1,C1-43,1
meha1,C1-44,1
meha1,C1-45,1
meha1,C1-46,1
meha1,C1-47,1
meha1,C1-48,1
meha1,C2-01,1
meha1,C2-02,1
meha1,C2-03,1
meha1,C2-04,1
meha1,C2-05,1
meha1,C2-06,1
meha1,C2-07,1
meha1,C2-08,1
meha1,C2-09,1
meha1,C2-10,1
meha1,C2-11,1
meha1,C2-12,1
meha1,C2-13,1
meha1,C2-14,1
meha1,C2-15,1
meha1,C2-16,1
meha1,C2-17,1
meha1,C2-18,1
meha1,C2-19,1
meha1,C2-20,1
meha1,C2-21,1
meha1,C2-22,1
meha1,C2-23,1
meha1,C2-24,1
meha1,C2-25,1
meha1,C2-26,1
meha1,C2-27,1
meha1,C2-28,1
meha1,C2-29,1
meha1,C2-30,1
meha1,C2-31,1
meha1,C2-32,1
meha1,C2-33,1
meha1,C2-34,1
meha1,C2-35,1
meha1,C2-36,1
meha1,C2-37,1
meha1,C2-38,1
meha1,C2-39,1
meha1,C2-40,1
meha1,C2-41,1
meha1,C2-42,1
meha1,C2-43,1
meha1,C2-44,1
meha1,C2-45,1
meha1,C2-46,1
meha1,C2-47,1
meha1,C2-48,1
meha1,C3-01,1
meha1,C3-02,1
meha1,C3-03,1
meha1,C3-04,1
meha1,C3-05,1
meha1,C3-06,1
meha1,C3-07,1
meha1,C3-08,1
meha1,C3-09,1
meha1,C3-10,1
meha1,C3-11,1
meha1,C3-12,1
meha1,C3-13,1
meha1,C3-14,1
meha1,C3-15,1
meha1,C3-16,1
meha1,C3-17,1
meha1,C3-18,1
meha1,C3-19,1
meha1,C3-20,1
meha1,C3-21,1
meha1,C3-22,1
meha1,C3-23,1
meha1,C3-24,1
meha1,C3-25,1
meha1,C3-26,1
meha1,C3-27,1
meha1,C3-28,1
meha1,C3-29,1
meha1,C3-30,1
meha1,C3-31,1
meha1,C3-32,1
meha1,C3-33,1
meha1,C3-34,1
meha1,C3-35,1
meha1,C3-36,1
meha1,C3-37,1
meha1,C3-38,1
meha1,C3-39,1
meha1,C3-40,1
meha1,C3-41,1
meha1,C3-42,1
meha1,C3-43,1
meha1,C3-44,1
meha1,C3-45,1
meha1,C3-46,1
meha1,C3-47,1
meha1,C3-48,1
meha1,C4-01,1
meha1,C4-02,1
meha1,C4-03,1
meha1,C4-04,1
meha1,C4-05,1
meha1,C4-06,1
meha1,C4-07,1
meha1,C4-08,1
meha1,C4-09,1
meha1,C4-10,1
meha1,C4-11,1
meha1,C4-12,1
meha1,C4-13,1
meha1,C4-14,1
meha1,C4-15,1
meha1,C4-16,1
meha1,C4-17,1
meha1,C4-18,1
meha1,C4-19,1
meha1,C4-20,1
meha1,C4-21,1
meha1,C4-22,1
meha1,C4-23,1
meha1,C4-24,1
meha1,C4-25,1
meha1,C4-26,1
meha1,C4-27,1
meha1,C4-28,1
meha1,C4-29,1
meha1,C4-30,1
meha1,C4-31,1
meha1,C4-32,1
meha1,C4-33,1
meha1,C4-34,1
meha1,C4-35,1
meha1,C4-36,1
meha1,C4-37,1
meha1,C4-38,1
meha1,C4-39,1
meha1,C4-40,1
meha1,C4-41,1
meha1,C4-42,1
meha1,C4-43,1
meha1,C4-44,1
meha1,C4-45,1
meha1,C4-46,1
meha1,C4-47,1
meha1,C4-48,1
meha1,C5-01,1
meha1,C5-02,1
meha1,C5-03,1
meha1,C5-04,1
meha1,C5-05,1
meha1,C5-06,1
meha1,C5-07,1
meha1,C5-08,1
meha1,C5-09,1
meha1,C5-10,1
meha1,C5-11,1
meha1,C5-12,1
meha1,C5-13,1
meha1,C5-14,1
meha1,C5-15,1
meha1,C5-16,1
meha1,C5-17,1
meha1,C5-18,1
meha1,C5-19,1
meha1,C5-20,1
meha1,C5-21,1
meha1,C5-22,1
meha1,C5-23,1
meha1,C5-24,1
meha1,C5-25,1
meha1,C5-26,1
meha1,C5-27,1
meha1,C5-28,1
meha1,C5-29,1
meha1,C5-30,1
meha1,C5-31,1
meha1,C5-32,1
meha1,C5-33,1
meha1,C5-34,1
meha1,C5-35,1
meha1,C5-36,1
meha1,C5-37,1
meha1,C5-38,1
meha1,C5-39,1
meha1,C5-40,1
meha1,C5-41,1
meha1,C5-42,1
meha1,C5-43,1
meha1,C5-44,1
meha1,C5-45,1
meha1,C5-46,1
meha1,C5-47,1
meha1,C5-48,1
meha1,D1-01,1
meha1,D1-02,1
meha1,D1-03,1
meha1,D1-04,1
meha1,D1-05,1
meha1,D1-06,1
meha1,D1-07,1
meha1,D1-08,1
meha1,D1-09,1
meha1,D1-10,1
meha1,D1-11,1
meha1,D1-12,1
meha1,D1-13,1
meha1,D1-14,1
meha1,D1-15,1
meha1,D1-16,1
meha1,D1-17,1
meha1,D1-18,1
meha1,D1-19,1
meha1,D1-20,1
meha1,D1-21,1
meha1,D1-22,1
meha1,D1-23,1
meha1,D1-24,1
meha1,D1-25,1
meha1,D1-26,1
meha1,D1-27,1
meha1,D1-28,1
meha1,D1-29,1
meha1,D1-30,1
meha1,D1-31,1
meha1,D1-32,1
meha1,D1-33,1
meha1,D1-34,1
meha1,D1-35,1
meha1,D1-36,1
meha1,D1-37,1
meha1,D1-38,1
meha1,D1-39,1
meha1,D1-40,1
meha1,D1-41,1
meha1,D1-42,1
meha1,D1-43,1
meha1,D1-44,1
meha1,D1-45,1
meha1,D1-46,1
meha1,D1-47,1
meha1,D1-48,1
meha1,D2-01,1
meha1,D2-02,1
meha1,D2-03,1
meha1,D2-04,1
meha1,D2-05,1
meha1,D2-06,1
meha1,D2-07,1
meha1,D2-08,1
meha1,D2-09,1
meha1,D2-10,1
meha1,D2-11,1
meha1,D2-12,1
meha1,D2-13,1
meha1,D2-14,1
meha1,D2-15,1
meha1,D2-16,1
meha1,D2-17,1
meha1,D2-18,1
meha1,D2-19,1
meha1,D2-20,1
meha1,D2-21,1
meha1,D2-22,1
meha1,D2-23,1
meha1,D2-24,1
meha1,D2-25,1
meha1,D2-26,1
meha1,D2-27,1
meha1,D2-28,1
meha1,D2-29,1
meha1,D2-30,1
meha1,D2-31,1
meha1,D2-32,1
meha1,D2-33,1
meha1,D2-34,1
meha1,D2-35,1
meha1,D2-36,1
meha1,D2-37,1
meha1,D2-38,1
meha1,D2-39,1
meha1,D2-40,1
meha1,D2-41,1
meha1,D2-42,1
meha1,D2-43,1
meha1,D2-44,1
meha1,D2-45,1
meha1,D2-46,1
meha1,D2-47,1
meha1,D2-48,1
meha1,D3-01,1
meha1,D3-02,1
meha1,D3-03,1
meha1,D3-04,1
meha1,D3-05,1
meha1,D3-06,1
meha1,D3-07,1
meha1,D3-08,1
meha1,D3-09,1
meha1,D3-10,1
meha1,D3-11,1
meha1,D3-12,1
meha1,D3-13,1
meha1,D3-14,1
meha1,D3-15,1
meha1,D3-16,1
meha1,D3-17,1
meha1,D3-18,1
meha1,D3-19,1
meha1,D3-20,1
meha1,D3-21,1
meha1,D3-22,1
meha1,D3-23,1
meha1,D3-24,1
meha1,D3-25,1
meha1,D3-26,1
meha1,D3-27,1
meha1,D3-28,1
meha1,D3-29,1
meha1,D3-30,1
meha1,D3-31,1
meha1,D3-32,1
meha1,D3-33,1
meha1,D3-34,1
meha1,D3-35,1
meha1,D3-36,1
meha1,D3-37,1
meha1,D3-38,1
meha1,D3-39,1
meha1,D3-40,1
meha1,D3-41,1
meha1,D3-42,1
meha1,D3-43,1
meha1,D3-44,1
meha1,D3-45,1
meha1,D3-46,1
meha1,D3-47,1
meha1,D3-48,1
meha1,D4-01,1
meha1,D4-02,1
meha1,D4-03,1
meha1,D4-04,1
meha1,D4-05,1
meha1,D4-06,1
meha1,D4-07,1
meha1,D4-08,1
meha1,D4-09,1
meha1,D4-10,1
meha1,D4-11,1
meha1,D4-12,1
meha1,D4-13,1
meha1,D4-14,1
meha1,D4-15,1
meha1,D4-16,1
meha1,D4-17,1
meha1,D4-18,1
meha1,D4-19,1
meha1,D4-20,1
meha1,D4-21,1
meha1,D4-22,1
meha1,D4-23,1
meha1,D4-24,1
meha1,D4-25,1
meha1,D4-26,1
meha1,D4-27,1
meha1,D4-28,1
meha1,D4-29,1
meha1,D4-30,1
meha1,D4-31,1
meha1,D4-32,1
meha1,D4-33,1
meha1,D4-34,1
meha1,D4-35,1
meha1,D4-36,1
meha1,D4-37,1
meha1,D4-38,1
meha1,D4-39,1
meha1,D4-40,1
meha1,D4-41,1
meha1,D4-42,1
meha1,D4-43,1
meha1,D4-44,1
meha1,D4-45,1
meha1,D4-46,1
meha1,D4-47,1
meha1,D4-48,1
meha1,D5-01,1
meha1,D5-02,1
meha1,D5-03,1
meha1,D5-04,1
meha1,D5-05,1
meha1,D5-06,1
meha1,D5-07,1
meha1,D5-08,1
meha1,D5-09,1
meha1,D5-10,1
meha1,D5-11,1
meha1,D5-12,1
meha1,D5-13,1
meha1,D5-14,1
meha1,D5-15,1
meha1,D5-16,1
meha1,D5-17,1
meha1,D5-18,1
meha1,D5-19,1
meha1,D5-20,1
meha1,D5-21,1
meha1,D5-22,1
meha1,D5-23,1
meha1,D5-24,1
meha1,D5-25,1
meha1,D5-26,1
meha1,D5-27,1
meha1,D5-28,1
meha1,D5-29,1
meha1,D5-30,1
meha1,D5-31,1
meha1,D5-32,1
meha1,D5-33,1
meha1,D5-34,1
meha1,D5-35,1
meha1,D5-36,1
meha1,D5-37,1
meha1,D5-38,1
meha1,D5-39,1
meha1,D5-40,1
meha1,D5-41,1
meha1,D5-42,1
meha1,D5-43,1
meha1,D5-44,1
meha1,D5-45,1
meha1,D5-46,1
meha1,D5-47,1
meha1,D5-48,1
meha1,E1-01,1
meha1,E1-02,1
meha1,E1-03,1
meha1,E1-04,1
meha1,E1-05,1
meha1,E1-06,1
meha1,E1-07,1
meha1,E1-08,1
meha1,E1-09,1
meha1,E1-10,1
meha1,E1-11,1
meha1,E1-12,1
meha1,E1-13,1
meha1,E1-14,1
meha1,E1-15,1
meha1,E1-16,1
meha1,E1-17,1
meha1,E1-18,1
meha1,E1-19,1
meha1,E1-20,1
meha1,E1-21,1
meha1,E1-22,1
meha1,E1-23,1
meha1,E1-24,1
meha1,E1-25,1
meha1,E1-26,1
meha1,E1-27,1
meha1,E1-28,1
meha1,E1-29,1
meha1,E1-30,1
meha1,E1-31,1
meha1,E1-32,1
meha1,E1-33,1
meha1,E1-34,1
meha1,E1-35,1
meha1,E1-36,1
meha1,E1-37,1
meha1,E1-38,1
meha1,E1-39,1
meha1,E1-40,1
meha1,E1-41,1
meha1,E1-42,1
meha1,E1-43,1
meha1,E1-44,1
meha1,E1-45,1
meha1,E1-46,1
meha1,E1-47,1
meha1,E1-48,1
meha1,E2-01,1
meha1,E2-02,1
meha1,E2-03,1
meha1,E2-04,1
meha1,E2-05,1
meha1,E2-06,1
meha1,E2-07,1
meha1,E2-08,1
meha1,E2-09,1
meha1,E2-10,1
meha1,E2-11,1
meha1,E2-12,1
meha1,E2-13,1
meha1,E2-14,1
meha1,E2-15,1
meha1,E2-16,1
meha1,E2-17,1
meha1,E2-18,1
meha1,E2-19,1
meha1,E2-20,1
meha1,E2-21,1
meha1,E2-22,1
meha1,E2-23,1
meha1,E2-24,1
meha1,E2-25,1
meha1,E2-26,1
meha1,E2-27,1
meha1,E2-28,1
meha1,E2-29,1
meha1,E2-30,1
meha1,E2-31,1
meha1,E2-32,1
meha1,E2-33,1
meha1,E2-34,1
meha1,E2-35,1
meha1,E2-36,1
meha1,E2-37,1
meha1,E2-38,1
meha1,E2-39,1
meha1,E2-40,1
meha1,E2-41,1
meha1,E2-42,1
meha1,E2-43,1
meha1,E2-44,1
meha1,E2-45,1
meha1,E2-46,1
meha1,E2-47,1
meha1,E2-48,1
meha1,E3-01,1
meha1,E3-02,1
meha1,E3-03,1
meha1,E3-04,1
meha1,E3-05,1
meha1,E3-06,1
meha1,E3-07,1
meha1,E3-08,1
meha1,E3-09,1
meha1,E3-10,1
meha1,E3-11,1
meha1,E3-12,1
meha1,E3-13,1
meha1,E3-14,1
meha1,E3-15,1
meha1,E3-16,1
meha1,E3-17,1
meha1,E3-18,1
meha1,E3-19,1
meha1,E3-20,1
meha1,E3-21,1
meha1,E3-22,1
meha1,E3-23,1
meha1,E3-24,1
meha1,E3-25,1
meha1,E3-26,1
meha1,E3-27,1
meha1,E3-28,1
meha1,E3-29,1
meha1,E3-30,1
meha1,E3-31,1
meha1,E3-32,1
meha1,E3-33,1
meha1,E3-34,1
meha1,E3-35,1
meha1,E3-36,1
meha1,E3-37,1
meha1,E3-38,1
meha1,E3-39,1
meha1,E3-40,1
meha1,E3-41,1
meha1,E3-42,1
meha1,E3-43,1
meha1,E3-44,1
meha1,E3-45,1
meha1,E3-46,1
meha1,E3-47,1
meha1,E3-48,1
meha1,E4-01,1
meha1,E4-02,1
meha1,E4-03,1
meha1,E4-04,1
meha1,E4-05,1
meha1,E4-06,1
meha1,E4-07,1
meha1,E4-08,1
meha1,E4-09,1
meha1,E4-10,1
meha1,E4-11,1
meha1,E4-12,1
meha1,E4-13,1
meha1,E4-14,1
meha1,E4-15,1
meha1,E4-16,1
meha1,E4-17,1
meha1,E4-18,1
meha1,E4-19,1
meha1,E4-20,1
meha1,E4-21,1
meha1,E4-22,1
meha1,E4-23,1
meha1,E4-24,1
meha1,E4-25,1
meha1,E4-26,1
meha1,E4-27,1
meha1,E4-28,1
meha1,E4-29,1
meha1,E4-30,1
meha1,E4-31,1
meha1,E4-32,1
meha1,E4-33,1
meha1,E4-34,1
meha1,E4-35,1
meha1,E4-36,1
meha1,E4-37,1
meha1,E4-38,1
meha1,E4-39,1
meha1,E4-40,1
meha1,E4-41,1
meha1,E4-42,1
meha1,E4-43,1
meha1,E4-44,1
meha1,E4-45,1
meha1,E4-46,1
meha1,E4-47,1
meha1,E4-48,1
meha1,E5-01,1
meha1,E5-02,1
meha1,E5-03,1
meha1,E5-04,1
meha1,E5-05,1
meha1,E5-06,1
meha1,E5-07,1
meha1,E5-08,1
meha1,E5-09,1
meha1,E5-10,1
meha1,E5-11,1
meha1,E5-12,1
meha1,E5-13,1
meha1,E5-14,1
meha1,E5-15,1
meha1,E5-16,1
meha1,E5-17,1
meha1,E5-18,1
meha1,E5-19,1
meha1,E5-20,1
meha1,E5-21,1
meha1,E5-22,1
meha1,E5-23,1
meha1,E5-24,1
meha1,E5-25,1
meha1,E5-26,1
meha1,E5-27,1
meha1,E5-28,1
meha1,E5-29,1
meha1,E5-30,1
meha1,E5-31,1
meha1,E5-32,1
meha1,E5-33,1
meha1,E5-34,1
meha1,E5-35,1
meha1,E5-36,1
meha1,E5-37,1
meha1,E5-38,1
meha1,E5-39,1
meha1,E5-40,1
meha1,E5-41,1
meha1,E5-42,1
meha1,E5-43,1
meha1,E5-44,1
meha1,E5-45,1
meha1,E5-46,1
meha1,E5-47,1
meha1,E5-48,1
